{
  "classical_svm": {
    "accuracy": 0.9187817258883249,
    "precision": 0.9555555555555556,
    "recall": 0.8775510204081632,
    "f1_score": 0.9148936170212766
  },
  "qsvm": {
    "accuracy": 0.55,
    "precision": 0.5384615384615384,
    "recall": 0.7,
    "f1_score": 0.6086956521739131
  }
}